Review,Sentiment
The performance was weak to anyone.,Negative
The script wasn't impressive.,Negative
The storyline was disappointing too slow and boring.,Negative
The cinematography was weak to anyone.,Negative
The storyline was heartwarming and cinematography.,Positive
The movie was boring too slow and boring.,Negative
The film was excellent and beautiful story.,Positive
The cinematography was uninspiring dull and uninteresting.,Negative
The performance was terrible confusing and poorly executed.,Negative
The experience did not like it.,Negative
The cinematography was boring from start to finish.,Negative
The storyline was excellent and cinematography.,Positive
The direction was gripping and cinematography.,Positive
The movie was uninspiring too slow and boring.,Negative
The acting was forgettable a very disappointing film.,Negative
The plot was uninteresting confusing and poorly executed.,Negative
The storyline was brilliant and cinematography.,Positive
The cinematography was uninteresting and uninspiring movie.,Negative
The script was weak a waste of time.,Negative
The movie was forgettable a very disappointing film.,Negative
The movie was incredible from start to finish.,Positive
The acting was forgettable dull and uninteresting.,Negative
The storyline was fantastic and great visuals!,Positive
The characters was brilliant and great visuals!,Positive
The movie was forgettable to anyone.,Negative
The film was poorly executed confusing and poorly executed.,Negative
The movie was gripping with great performances.,Positive
The storyline was heartwarming and great visuals!,Positive
The storyline was weak at all.,Negative
The plot was heartwarming from start to finish.,Positive
The cinematography was incredible and gripping movie.,Positive
The acting was gripping from start to finish.,Positive
The film was beautiful and gripping movie.,Positive
The script didn't captivate me.,Negative
The storyline was gripping and cinematography.,Positive
The movie was incredible and beautiful story.,Positive
The cinematography was weak confusing and poorly executed.,Negative
The script was uninteresting at all.,Negative
The acting was exceptional from start to finish.,Positive
The direction didn't captivate me.,Negative
The movie was amazing with great performances.,Positive
The acting was heartwarming and gripping movie.,Positive
The script was forgettable at all.,Negative
The experience was forgettable at all.,Negative
The experience was terrible and a weak script.,Negative
The direction was excellent from start to finish.,Positive
The plot was dull a waste of time.,Negative
The movie was heartwarming with great performances.,Positive
The screenplay was incredible and characters.,Positive
The film was fantastic and thrilling!,Positive
The film was gripping and beautiful story.,Positive
The experience was exceptional from start to finish.,Positive
The plot was heartwarming and characters.,Positive
The film was weak to anyone.,Negative
The cinematography was excellent and cinematography.,Positive
The screenplay was heartwarming and beautiful story.,Positive
The acting was uninteresting a waste of time.,Negative
The characters was fantastic and exceptional direction.,Positive
The experience was terrible and uninspiring movie.,Negative
The cinematography was brilliant and beautiful story.,Positive
The experience was amazing and great visuals!,Positive
The cinematography was poorly executed too slow and boring.,Negative
The plot was amazing and cinematography.,Positive
The plot was outstanding and cinematography.,Positive
The acting was poorly executed and uninspiring movie.,Negative
The acting was boring a very disappointing film.,Negative
The movie was amazing and cinematography.,Positive
The acting was brilliant with great performances.,Positive
The experience was incredible and characters.,Positive
The experience was boring and a weak script.,Negative
The script didn't enjoy it.,Negative
The movie was confusing from start to finish.,Negative
The characters was amazing with great performances.,Positive
The experience was beautiful and thrilling!,Positive
The experience was not exciting.,Negative
The experience was confusing confusing and poorly executed.,Negative
The plot was amazing with great performances.,Positive
The movie was poorly executed from start to finish.,Negative
The film was gripping from start to finish.,Positive
The experience was brilliant and exceptional direction.,Positive
The film was excellent and cinematography.,Positive
The plot was uninspiring at all.,Negative
The storyline was uninspiring a waste of time.,Negative
The screenplay was brilliant from start to finish.,Positive
The direction was terrible to anyone.,Negative
The movie was brilliant and gripping movie.,Positive
The experience was forgettable dull and uninteresting.,Negative
The characters was amazing and beautiful story.,Positive
The cinematography was poorly executed confusing and poorly executed.,Negative
The characters was outstanding and cinematography.,Positive
The direction was uninteresting a waste of time.,Negative
The performance was disappointing a very disappointing film.,Negative
The direction was disappointing and a weak script.,Negative
The cinematography was disappointing from start to finish.,Negative
The film was terrible a waste of time.,Negative
The experience was weak at all.,Negative
The screenplay was exceptional and beautiful story.,Positive
The acting didn't captivate me.,Negative
The acting was brilliant and gripping movie.,Positive
The direction was heartwarming and great visuals!,Positive
The movie wasn't great.,Negative
The experience was gripping and characters.,Positive
The experience was disappointing and a weak script.,Negative
The experience was uninspiring at all.,Negative
The movie was uninteresting to anyone.,Negative
The movie was uninteresting too slow and boring.,Negative
The movie was fantastic and exceptional direction.,Positive
The script was dull confusing and poorly executed.,Negative
The acting was excellent and exceptional direction.,Positive
The script was not good.,Negative
The movie was forgettable at all.,Negative
The acting did not like it.,Negative
The film was incredible and characters.,Positive
The plot was amazing from start to finish.,Positive
The cinematography was fantastic and characters.,Positive
The performance was not good.,Negative
The film was fantastic from start to finish.,Positive
The experience was terrible a waste of time.,Negative
The plot was poorly executed from start to finish.,Negative
The script was poorly executed at all.,Negative
The plot was not exciting.,Negative
The experience was forgettable too slow and boring.,Negative
The film was incredible from start to finish.,Positive
The storyline was brilliant and exceptional direction.,Positive
The characters was outstanding with great performances.,Positive
The storyline was heartwarming and thrilling!,Positive
The direction was brilliant and cinematography.,Positive
The film was excellent with great performances.,Positive
The performance was boring confusing and poorly executed.,Negative
The storyline was exceptional and exceptional direction.,Positive
The screenplay was fantastic and exceptional direction.,Positive
The film was forgettable and a weak script.,Negative
The plot was forgettable a waste of time.,Negative
The movie wasn't thrilling.,Negative
The performance was uninspiring dull and uninteresting.,Negative
The film was outstanding and beautiful story.,Positive
The performance wasn't thrilling.,Negative
The cinematography was confusing to anyone.,Negative
The acting was disappointing confusing and poorly executed.,Negative
The direction wasn't great.,Negative
The characters was brilliant of cinema!,Positive
The film was incredible of cinema!,Positive
The film was excellent of cinema!,Positive
The storyline was boring and a weak script.,Negative
The characters was beautiful and gripping movie.,Positive
The plot was uninteresting a waste of time.,Negative
The screenplay was brilliant and exceptional direction.,Positive
The experience was boring confusing and poorly executed.,Negative
The cinematography was incredible from start to finish.,Positive
The direction was fantastic and great visuals!,Positive
The cinematography was outstanding of cinema!,Positive
The film was weak a very disappointing film.,Negative
The direction was incredible with great performances.,Positive
The acting was excellent with great performances.,Positive
The film was outstanding and exceptional direction.,Positive
The experience was brilliant of cinema!,Positive
The script did not like it.,Negative
The movie was disappointing confusing and poorly executed.,Negative
The plot was gripping from start to finish.,Positive
The plot wasn't impressive.,Negative
The cinematography was excellent from start to finish.,Positive
The screenplay was excellent of cinema!,Positive
The film was uninteresting a very disappointing film.,Negative
The experience was fantastic from start to finish.,Positive
The storyline was incredible and gripping movie.,Positive
The plot didn't enjoy it.,Negative
The plot was excellent and thrilling!,Positive
The acting was amazing of cinema!,Positive
The performance was confusing confusing and poorly executed.,Negative
The performance was boring at all.,Negative
The acting was boring to anyone.,Negative
The experience was confusing dull and uninteresting.,Negative
The performance was boring to anyone.,Negative
The film was fantastic and exceptional direction.,Positive
The experience was forgettable and uninspiring movie.,Negative
The acting was terrible to anyone.,Negative
The script was poorly executed a very disappointing film.,Negative
The movie was dull to anyone.,Negative
The direction was outstanding and cinematography.,Positive
The storyline was exceptional with great performances.,Positive
The direction was outstanding from start to finish.,Positive
The film was heartwarming and cinematography.,Positive
The cinematography was amazing and thrilling!,Positive
The experience was uninteresting too slow and boring.,Negative
The plot didn't captivate me.,Negative
The characters was heartwarming and thrilling!,Positive
The cinematography was excellent of cinema!,Positive
The movie was exceptional and exceptional direction.,Positive
The experience was fantastic and exceptional direction.,Positive
The plot was heartwarming and great visuals!,Positive
The characters was brilliant and cinematography.,Positive
The performance was forgettable and uninspiring movie.,Negative
The plot was exceptional and exceptional direction.,Positive
The cinematography was confusing a waste of time.,Negative
The storyline was uninteresting too slow and boring.,Negative
The acting was uninspiring at all.,Negative
The cinematography was gripping and great visuals!,Positive
The film was fantastic and cinematography.,Positive
The direction was incredible and cinematography.,Positive
The experience was gripping and great visuals!,Positive
The film did not like it.,Negative
The experience was uninteresting at all.,Negative
The direction was uninteresting too slow and boring.,Negative
The movie was forgettable from start to finish.,Negative
The storyline wasn't great.,Negative
The storyline didn't captivate me.,Negative
The acting was heartwarming and exceptional direction.,Positive
The storyline was excellent and characters.,Positive
The cinematography was uninteresting and a weak script.,Negative
The movie was uninteresting from start to finish.,Negative
The storyline was excellent and beautiful story.,Positive
The film was not good.,Negative
The screenplay was heartwarming of cinema!,Positive
The characters was excellent and beautiful story.,Positive
The movie was incredible and characters.,Positive
The direction was exceptional and exceptional direction.,Positive
The direction was incredible of cinema!,Positive
The movie was poorly executed a very disappointing film.,Negative
The plot was fantastic with great performances.,Positive
The direction was excellent and exceptional direction.,Positive
The screenplay was amazing and characters.,Positive
The film was poorly executed at all.,Negative
The acting was outstanding and cinematography.,Positive
The plot was weak confusing and poorly executed.,Negative
The plot was brilliant and cinematography.,Positive
The direction was terrible and uninspiring movie.,Negative
The performance was not exciting.,Negative
The film was excellent and characters.,Positive
The storyline was uninspiring at all.,Negative
The cinematography was uninteresting to anyone.,Negative
The storyline was beautiful with great performances.,Positive
The storyline was heartwarming and characters.,Positive
The plot was gripping and exceptional direction.,Positive
The direction was beautiful of cinema!,Positive
The direction was fantastic and cinematography.,Positive
The movie was gripping and characters.,Positive
The acting was poorly executed from start to finish.,Negative
The direction was terrible at all.,Negative
The storyline was outstanding and gripping movie.,Positive
The acting was amazing and cinematography.,Positive
The plot was confusing dull and uninteresting.,Negative
The plot was uninspiring too slow and boring.,Negative
The screenplay was excellent and gripping movie.,Positive
The screenplay was gripping of cinema!,Positive
The film was uninteresting and uninspiring movie.,Negative
The storyline was outstanding from start to finish.,Positive
The experience was outstanding and cinematography.,Positive
The film was dull a very disappointing film.,Negative
The storyline was heartwarming and exceptional direction.,Positive
The direction was heartwarming from start to finish.,Positive
The cinematography was brilliant and great visuals!,Positive
The plot was uninspiring a very disappointing film.,Negative
The plot was incredible and great visuals!,Positive
The screenplay was gripping with great performances.,Positive
The film was confusing a waste of time.,Negative
The storyline was brilliant with great performances.,Positive
The movie was confusing and uninspiring movie.,Negative
The performance was boring too slow and boring.,Negative
The direction was gripping and great visuals!,Positive
The direction wasn't thrilling.,Negative
The film was forgettable from start to finish.,Negative
The direction was weak too slow and boring.,Negative
The movie was exceptional and gripping movie.,Positive
The storyline was weak a waste of time.,Negative
The movie was outstanding and cinematography.,Positive
The movie was gripping and gripping movie.,Positive
The plot was uninteresting too slow and boring.,Negative
The cinematography was fantastic and exceptional direction.,Positive
The film was exceptional and characters.,Positive
The direction was dull dull and uninteresting.,Negative
The direction didn't enjoy it.,Negative
The cinematography was beautiful and thrilling!,Positive
The film was gripping and characters.,Positive
The acting was weak at all.,Negative
The experience was gripping and exceptional direction.,Positive
The plot was outstanding and characters.,Positive
The performance wasn't great.,Negative
The script was uninspiring confusing and poorly executed.,Negative
The storyline was exceptional and cinematography.,Positive
The storyline did not like it.,Negative
The cinematography was poorly executed and uninspiring movie.,Negative
The acting was amazing and thrilling!,Positive
The acting was dull dull and uninteresting.,Negative
The screenplay was brilliant with great performances.,Positive
The screenplay was brilliant and thrilling!,Positive
The movie was excellent and exceptional direction.,Positive
The cinematography was uninspiring and a weak script.,Negative
The acting was gripping and thrilling!,Positive
The plot was confusing from start to finish.,Negative
The acting wasn't thrilling.,Negative
The experience was uninspiring and a weak script.,Negative
The cinematography did not like it.,Negative
The experience was disappointing a very disappointing film.,Negative
The plot was incredible from start to finish.,Positive
The acting was amazing and exceptional direction.,Positive
The movie was heartwarming from start to finish.,Positive
The storyline wasn't thrilling.,Negative
The film was beautiful and great visuals!,Positive
The cinematography was dull a waste of time.,Negative
The movie was incredible and great visuals!,Positive
The script was forgettable confusing and poorly executed.,Negative
The experience wasn't thrilling.,Negative
The screenplay was excellent with great performances.,Positive
The direction was forgettable to anyone.,Negative
The acting was excellent and cinematography.,Positive
The cinematography wasn't great.,Negative
The characters was excellent of cinema!,Positive
The film was uninteresting a waste of time.,Negative
The performance wasn't impressive.,Negative
The cinematography was dull a very disappointing film.,Negative
The storyline was fantastic and cinematography.,Positive
The screenplay was fantastic and thrilling!,Positive
The cinematography was beautiful from start to finish.,Positive
The cinematography was amazing with great performances.,Positive
The plot was brilliant with great performances.,Positive
The experience was exceptional and exceptional direction.,Positive
The experience was brilliant from start to finish.,Positive
The experience was disappointing confusing and poorly executed.,Negative
The plot was amazing and characters.,Positive
The script was weak and uninspiring movie.,Negative
The acting was confusing a waste of time.,Negative
The characters was incredible and exceptional direction.,Positive
The experience was outstanding and gripping movie.,Positive
The direction did not like it.,Negative
The storyline was beautiful and cinematography.,Positive
The movie was weak confusing and poorly executed.,Negative
The experience was amazing and gripping movie.,Positive
The performance was disappointing a waste of time.,Negative
The acting was weak dull and uninteresting.,Negative
The direction was brilliant and thrilling!,Positive
The storyline was brilliant and characters.,Positive
The acting was not exciting.,Negative
The acting was heartwarming and beautiful story.,Positive
The movie was terrible and a weak script.,Negative
The movie was weak at all.,Negative
The storyline was fantastic of cinema!,Positive
The direction was confusing dull and uninteresting.,Negative
The plot was terrible confusing and poorly executed.,Negative
The movie was uninspiring at all.,Negative
The movie was amazing and great visuals!,Positive
The direction wasn't impressive.,Negative
The acting was incredible with great performances.,Positive
The film didn't captivate me.,Negative
The plot was confusing confusing and poorly executed.,Negative
The cinematography was poorly executed dull and uninteresting.,Negative
The film was dull from start to finish.,Negative
The acting was amazing and beautiful story.,Positive
The movie was confusing at all.,Negative
The plot was disappointing from start to finish.,Negative
The characters was exceptional and thrilling!,Positive
The plot was confusing a very disappointing film.,Negative
The film was dull dull and uninteresting.,Negative
The movie was confusing confusing and poorly executed.,Negative
The cinematography was confusing and uninspiring movie.,Negative
The storyline was poorly executed too slow and boring.,Negative
The storyline was fantastic and characters.,Positive
The screenplay was amazing and beautiful story.,Positive
The direction was poorly executed and a weak script.,Negative
The experience was heartwarming and characters.,Positive
The experience was excellent and exceptional direction.,Positive
The direction was heartwarming and exceptional direction.,Positive
The screenplay was heartwarming and great visuals!,Positive
The experience wasn't impressive.,Negative
The screenplay was fantastic with great performances.,Positive
The screenplay was outstanding and exceptional direction.,Positive
The film was boring a very disappointing film.,Negative
The film was amazing and exceptional direction.,Positive
The characters was gripping from start to finish.,Positive
The direction was brilliant and exceptional direction.,Positive
The direction was poorly executed a very disappointing film.,Negative
The movie was poorly executed too slow and boring.,Negative
The film wasn't thrilling.,Negative
The film was heartwarming and exceptional direction.,Positive
The acting was boring at all.,Negative
The performance was weak a waste of time.,Negative
The cinematography was incredible and thrilling!,Positive
The direction was forgettable a waste of time.,Negative
The plot was boring and uninspiring movie.,Negative
The acting was dull a waste of time.,Negative
The characters was amazing from start to finish.,Positive
The cinematography was incredible of cinema!,Positive
The acting was amazing from start to finish.,Positive
The acting was brilliant and characters.,Positive
The film was confusing and uninspiring movie.,Negative
The experience was beautiful and gripping movie.,Positive
The cinematography was dull at all.,Negative
The screenplay was incredible and exceptional direction.,Positive
The characters was incredible from start to finish.,Positive
The screenplay was gripping and cinematography.,Positive
The plot was boring too slow and boring.,Negative
The storyline was exceptional and gripping movie.,Positive
The cinematography was uninspiring and uninspiring movie.,Negative
The cinematography was excellent and thrilling!,Positive
The direction was excellent and characters.,Positive
The direction was dull from start to finish.,Negative
The plot was amazing and beautiful story.,Positive
The script was poorly executed from start to finish.,Negative
The direction was incredible and gripping movie.,Positive
The acting was boring too slow and boring.,Negative
The performance didn't captivate me.,Negative
The film was disappointing at all.,Negative
The storyline was confusing from start to finish.,Negative
The direction was exceptional from start to finish.,Positive
The cinematography was outstanding and beautiful story.,Positive
The direction was uninspiring to anyone.,Negative
The movie was forgettable too slow and boring.,Negative
The plot was incredible and cinematography.,Positive
The characters was outstanding and gripping movie.,Positive
The storyline was beautiful of cinema!,Positive
The film was not exciting.,Negative
The cinematography was weak dull and uninteresting.,Negative
The plot was excellent and cinematography.,Positive
The storyline was beautiful and gripping movie.,Positive
The direction was amazing and characters.,Positive
The film was beautiful and beautiful story.,Positive
The storyline was poorly executed to anyone.,Negative
The experience was weak and uninspiring movie.,Negative
The cinematography was terrible to anyone.,Negative
The direction was brilliant and great visuals!,Positive
The direction was disappointing a waste of time.,Negative
The performance was disappointing at all.,Negative
The storyline was boring too slow and boring.,Negative
The plot was weak a waste of time.,Negative
The script was confusing and a weak script.,Negative
The film was amazing with great performances.,Positive
The experience was excellent with great performances.,Positive
The movie was outstanding and characters.,Positive
The plot was not good.,Negative
The storyline was weak dull and uninteresting.,Negative
The performance was dull and a weak script.,Negative
The plot was terrible too slow and boring.,Negative
The film was uninspiring dull and uninteresting.,Negative
The script was terrible too slow and boring.,Negative
The acting wasn't impressive.,Negative
The script wasn't thrilling.,Negative
The experience was weak from start to finish.,Negative
The acting was terrible at all.,Negative
The experience was outstanding of cinema!,Positive
The characters was gripping and gripping movie.,Positive
The experience was exceptional with great performances.,Positive
The film was boring from start to finish.,Negative
The storyline was excellent of cinema!,Positive
The cinematography was fantastic with great performances.,Positive
The acting was fantastic and great visuals!,Positive
The storyline was outstanding and exceptional direction.,Positive
The direction was exceptional and gripping movie.,Positive
The experience was uninspiring a very disappointing film.,Negative
The movie was terrible and uninspiring movie.,Negative
The screenplay was outstanding and beautiful story.,Positive
The storyline was disappointing at all.,Negative
The film was amazing of cinema!,Positive
The script was uninspiring a waste of time.,Negative
The movie was excellent and thrilling!,Positive
The direction was disappointing at all.,Negative
The film was uninspiring and uninspiring movie.,Negative
The plot was dull from start to finish.,Negative
The experience was dull and a weak script.,Negative
The movie was forgettable and uninspiring movie.,Negative
The acting was amazing with great performances.,Positive
The storyline was beautiful and exceptional direction.,Positive
The acting was gripping and cinematography.,Positive
The acting was uninspiring too slow and boring.,Negative
The plot was uninspiring dull and uninteresting.,Negative
The storyline was terrible confusing and poorly executed.,Negative
The script was weak from start to finish.,Negative
The cinematography was confusing from start to finish.,Negative
The direction was fantastic of cinema!,Positive
The movie was outstanding and exceptional direction.,Positive
The acting was disappointing dull and uninteresting.,Negative
The experience was boring a waste of time.,Negative
The direction was heartwarming and beautiful story.,Positive
The storyline was excellent and gripping movie.,Positive
The characters was amazing and gripping movie.,Positive
The direction was boring dull and uninteresting.,Negative
The screenplay was fantastic of cinema!,Positive
The film was boring a waste of time.,Negative
The film was brilliant and thrilling!,Positive
The cinematography was dull dull and uninteresting.,Negative
The direction was confusing too slow and boring.,Negative
The direction was beautiful and thrilling!,Positive
The storyline was poorly executed dull and uninteresting.,Negative
The cinematography was brilliant and gripping movie.,Positive
The script was weak dull and uninteresting.,Negative
The movie was incredible and cinematography.,Positive
The movie was weak dull and uninteresting.,Negative
The storyline was boring and uninspiring movie.,Negative
The movie was dull a waste of time.,Negative
The direction was weak a very disappointing film.,Negative
The characters was amazing and exceptional direction.,Positive
The storyline was outstanding of cinema!,Positive
The cinematography was beautiful and gripping movie.,Positive
The plot was gripping of cinema!,Positive
The screenplay was excellent and cinematography.,Positive
The direction was not good.,Negative
The movie was beautiful and thrilling!,Positive
The film was dull too slow and boring.,Negative
The experience was uninteresting confusing and poorly executed.,Negative
The performance was weak at all.,Negative
The experience was brilliant and beautiful story.,Positive
The movie was fantastic and gripping movie.,Positive
The performance didn't enjoy it.,Negative
The film was amazing and thrilling!,Positive
The plot was fantastic and exceptional direction.,Positive
The experience was brilliant and thrilling!,Positive
The script was uninteresting and uninspiring movie.,Negative
The script was uninteresting too slow and boring.,Negative
The script was poorly executed too slow and boring.,Negative
The cinematography was not good.,Negative
The direction was incredible from start to finish.,Positive
The film was disappointing a very disappointing film.,Negative
The movie was uninteresting a waste of time.,Negative
The experience was heartwarming and thrilling!,Positive
The film was heartwarming and gripping movie.,Positive
The acting was outstanding and thrilling!,Positive
The screenplay was beautiful and thrilling!,Positive
The movie didn't enjoy it.,Negative
The experience was dull dull and uninteresting.,Negative
The acting was gripping and beautiful story.,Positive
The cinematography was uninteresting confusing and poorly executed.,Negative
The storyline was brilliant and great visuals!,Positive
The direction was heartwarming and characters.,Positive
The experience was beautiful of cinema!,Positive
The movie was fantastic with great performances.,Positive
The acting was excellent and beautiful story.,Positive
The movie was boring from start to finish.,Negative
The plot was incredible of cinema!,Positive
The film was exceptional of cinema!,Positive
The screenplay was amazing of cinema!,Positive
The experience was fantastic and great visuals!,Positive
The experience was terrible a very disappointing film.,Negative
The cinematography was boring and uninspiring movie.,Negative
The characters was fantastic and gripping movie.,Positive
The acting was gripping and exceptional direction.,Positive
The storyline was amazing of cinema!,Positive
The plot was exceptional from start to finish.,Positive
The direction was uninspiring at all.,Negative
The direction was gripping with great performances.,Positive
The storyline was fantastic and gripping movie.,Positive
The storyline was incredible and characters.,Positive
The plot was gripping and cinematography.,Positive
The direction was dull at all.,Negative
The screenplay was excellent and beautiful story.,Positive
The cinematography was heartwarming and great visuals!,Positive
The film was gripping with great performances.,Positive
The cinematography was dull from start to finish.,Negative
The performance was uninteresting at all.,Negative
The experience was heartwarming of cinema!,Positive
The movie was uninspiring a waste of time.,Negative
The movie was heartwarming and thrilling!,Positive
The storyline was outstanding and cinematography.,Positive
The cinematography was dull confusing and poorly executed.,Negative
The script was terrible at all.,Negative
The movie was exceptional and characters.,Positive
The film was outstanding with great performances.,Positive
The plot was outstanding and gripping movie.,Positive
The direction was beautiful and cinematography.,Positive
The movie was dull from start to finish.,Negative
The plot was beautiful with great performances.,Positive
The characters was brilliant and thrilling!,Positive
The acting was exceptional and exceptional direction.,Positive
The cinematography was outstanding from start to finish.,Positive
The film was uninteresting to anyone.,Negative
The script was boring and a weak script.,Negative
The storyline was disappointing to anyone.,Negative
The experience was poorly executed from start to finish.,Negative
The film wasn't impressive.,Negative
The direction was disappointing too slow and boring.,Negative
The cinematography was incredible and cinematography.,Positive
The direction was dull confusing and poorly executed.,Negative
The cinematography was poorly executed at all.,Negative
The acting was outstanding and exceptional direction.,Positive
The script was uninspiring a very disappointing film.,Negative
The storyline was incredible with great performances.,Positive
The experience was not good.,Negative
The storyline was brilliant from start to finish.,Positive
The film was exceptional with great performances.,Positive
The movie was incredible and thrilling!,Positive
The acting was brilliant and great visuals!,Positive
The direction was brilliant and gripping movie.,Positive
The characters was exceptional with great performances.,Positive
The plot was exceptional and thrilling!,Positive
The plot was heartwarming and cinematography.,Positive
The movie was incredible and gripping movie.,Positive
The movie was gripping of cinema!,Positive
The acting was exceptional with great performances.,Positive
The direction was brilliant from start to finish.,Positive
The storyline was exceptional and great visuals!,Positive
The performance was confusing from start to finish.,Negative
The movie was gripping and great visuals!,Positive
The storyline was disappointing a very disappointing film.,Negative
The cinematography was weak a waste of time.,Negative
The plot was beautiful of cinema!,Positive
The direction was beautiful from start to finish.,Positive
The experience was incredible and thrilling!,Positive
The plot was terrible and a weak script.,Negative
The storyline was forgettable and uninspiring movie.,Negative
The experience didn't captivate me.,Negative
The film was confusing a very disappointing film.,Negative
The direction was exceptional and great visuals!,Positive
The script was dull a waste of time.,Negative
The acting was confusing to anyone.,Negative
The cinematography was confusing and a weak script.,Negative
The acting was amazing and characters.,Positive
The movie was disappointing a waste of time.,Negative
The script was boring a very disappointing film.,Negative
The experience was exceptional and beautiful story.,Positive
The experience was poorly executed to anyone.,Negative
The storyline was outstanding and characters.,Positive
The movie wasn't impressive.,Negative
The cinematography was gripping and gripping movie.,Positive
The movie was beautiful and great visuals!,Positive
The storyline was heartwarming from start to finish.,Positive
The acting was heartwarming from start to finish.,Positive
The direction was fantastic and gripping movie.,Positive
The cinematography was beautiful and characters.,Positive
The acting was exceptional and cinematography.,Positive
The storyline was not exciting.,Negative
The movie was gripping and cinematography.,Positive
The script was confusing confusing and poorly executed.,Negative
The screenplay was gripping and characters.,Positive
The storyline was amazing from start to finish.,Positive
The cinematography was uninspiring confusing and poorly executed.,Negative
The storyline was confusing at all.,Negative
The cinematography was forgettable to anyone.,Negative
The experience didn't enjoy it.,Negative
The performance was terrible from start to finish.,Negative
The plot was fantastic and characters.,Positive
The screenplay was fantastic and gripping movie.,Positive
The cinematography didn't enjoy it.,Negative
The storyline was terrible and uninspiring movie.,Negative
The characters was beautiful and cinematography.,Positive
The movie was outstanding and beautiful story.,Positive
The storyline was brilliant and thrilling!,Positive
The acting didn't enjoy it.,Negative
The film was uninspiring and a weak script.,Negative
The performance was dull from start to finish.,Negative
The cinematography was uninspiring too slow and boring.,Negative
The performance was disappointing from start to finish.,Negative
The film was incredible and gripping movie.,Positive
The screenplay was beautiful and cinematography.,Positive
The performance was poorly executed confusing and poorly executed.,Negative
The direction was beautiful and characters.,Positive
The storyline was uninteresting to anyone.,Negative
The film was forgettable at all.,Negative
The experience was terrible confusing and poorly executed.,Negative
The plot was brilliant from start to finish.,Positive
The acting was fantastic with great performances.,Positive
The plot was uninspiring and uninspiring movie.,Negative
The film was disappointing dull and uninteresting.,Negative
The storyline was dull from start to finish.,Negative
The cinematography was terrible a very disappointing film.,Negative
The plot was boring a waste of time.,Negative
The cinematography was boring a waste of time.,Negative
The cinematography was gripping from start to finish.,Positive
The script was confusing at all.,Negative
The script was terrible from start to finish.,Negative
The direction was gripping and thrilling!,Positive
The film was excellent and exceptional direction.,Positive
The storyline was fantastic with great performances.,Positive
The movie was beautiful and cinematography.,Positive
The direction was amazing of cinema!,Positive
The performance was disappointing confusing and poorly executed.,Negative
The storyline was confusing too slow and boring.,Negative
The acting was incredible and cinematography.,Positive
The direction was beautiful and exceptional direction.,Positive
The storyline was boring a very disappointing film.,Negative
The plot was poorly executed to anyone.,Negative
The cinematography was disappointing and a weak script.,Negative
The script was confusing a very disappointing film.,Negative
The characters was excellent from start to finish.,Positive
The cinematography was incredible with great performances.,Positive
The script was weak too slow and boring.,Negative
The movie didn't captivate me.,Negative
The experience was confusing a very disappointing film.,Negative
The movie was heartwarming and cinematography.,Positive
The film was brilliant and great visuals!,Positive
The cinematography was forgettable from start to finish.,Negative
The acting was incredible and exceptional direction.,Positive
The acting was brilliant and cinematography.,Positive
The experience was excellent and thrilling!,Positive
The acting was exceptional and thrilling!,Positive
The script was disappointing at all.,Negative
The movie was terrible a very disappointing film.,Negative
The storyline was terrible from start to finish.,Negative
The acting was uninspiring confusing and poorly executed.,Negative
The movie was confusing a waste of time.,Negative
The film was forgettable a waste of time.,Negative
The plot was brilliant of cinema!,Positive
The acting was fantastic and thrilling!,Positive
The screenplay was amazing from start to finish.,Positive
The storyline was excellent and exceptional direction.,Positive
The film was forgettable confusing and poorly executed.,Negative
The plot was amazing and exceptional direction.,Positive
The direction was amazing and cinematography.,Positive
The acting was weak too slow and boring.,Negative
The acting was uninteresting dull and uninteresting.,Negative
The acting was incredible from start to finish.,Positive
The performance was weak from start to finish.,Negative
The film was incredible and beautiful story.,Positive
The plot was uninteresting to anyone.,Negative
The film was uninteresting confusing and poorly executed.,Negative
The acting was outstanding of cinema!,Positive
The film was gripping of cinema!,Positive
The plot wasn't great.,Negative
The storyline was heartwarming and gripping movie.,Positive
The experience was dull a waste of time.,Negative
The direction was weak dull and uninteresting.,Negative
The performance was dull too slow and boring.,Negative
The film was boring at all.,Negative
The film was excellent from start to finish.,Positive
The cinematography was terrible a waste of time.,Negative
The direction was not exciting.,Negative
The screenplay was brilliant of cinema!,Positive
The plot was poorly executed at all.,Negative
The cinematography was outstanding and characters.,Positive
The film was confusing and a weak script.,Negative
The direction was outstanding and beautiful story.,Positive
The plot wasn't thrilling.,Negative
The movie was gripping and exceptional direction.,Positive
The acting was beautiful and characters.,Positive
The movie was amazing and beautiful story.,Positive
The characters was excellent and thrilling!,Positive
The film was boring confusing and poorly executed.,Negative
The performance was uninspiring too slow and boring.,Negative
The movie was gripping and beautiful story.,Positive
The direction was outstanding of cinema!,Positive
The storyline was not good.,Negative
The film was terrible and uninspiring movie.,Negative
The cinematography was disappointing at all.,Negative
The acting was weak a very disappointing film.,Negative
The experience was uninteresting and a weak script.,Negative
The screenplay was brilliant and great visuals!,Positive
The direction was gripping and exceptional direction.,Positive
The experience wasn't great.,Negative
The film was beautiful and thrilling!,Positive
The storyline was incredible and cinematography.,Positive
The plot was forgettable confusing and poorly executed.,Negative
The direction was boring confusing and poorly executed.,Negative
The acting was brilliant from start to finish.,Positive
The film was uninspiring at all.,Negative
The movie was confusing a very disappointing film.,Negative
The film was weak a waste of time.,Negative
The performance was disappointing too slow and boring.,Negative
The movie did not like it.,Negative
The script was disappointing from start to finish.,Negative
The storyline was brilliant and gripping movie.,Positive
The acting was outstanding and great visuals!,Positive
The experience was outstanding and characters.,Positive
The film was brilliant and characters.,Positive
The performance was weak too slow and boring.,Negative
The direction was gripping of cinema!,Positive
The characters was heartwarming and beautiful story.,Positive
The acting was terrible a very disappointing film.,Negative
The direction was forgettable dull and uninteresting.,Negative
The film was terrible a very disappointing film.,Negative
The cinematography was excellent and beautiful story.,Positive
The acting was poorly executed a very disappointing film.,Negative
The cinematography was boring a very disappointing film.,Negative
The film wasn't great.,Negative
The cinematography was heartwarming from start to finish.,Positive
The experience was terrible to anyone.,Negative
The performance was uninspiring and a weak script.,Negative
The characters was fantastic and great visuals!,Positive
The plot was outstanding of cinema!,Positive
The movie was disappointing at all.,Negative
The characters was incredible of cinema!,Positive
The acting was beautiful and exceptional direction.,Positive
The performance was uninteresting confusing and poorly executed.,Negative
The storyline was uninteresting a waste of time.,Negative
The direction was boring and a weak script.,Negative
The direction was confusing and uninspiring movie.,Negative
The movie was confusing to anyone.,Negative
The direction was exceptional and characters.,Positive
The film was exceptional and exceptional direction.,Positive
The direction was dull too slow and boring.,Negative
The experience was fantastic and cinematography.,Positive
The cinematography was fantastic and gripping movie.,Positive
The cinematography was terrible at all.,Negative
The plot was dull too slow and boring.,Negative
The film was exceptional from start to finish.,Positive
The movie was not good.,Negative
The direction was uninspiring and a weak script.,Negative
The film was terrible at all.,Negative
The storyline was outstanding and beautiful story.,Positive
The storyline was disappointing and uninspiring movie.,Negative
The experience was exceptional and cinematography.,Positive
The characters was exceptional and gripping movie.,Positive
The performance was uninspiring a waste of time.,Negative
The film was exceptional and gripping movie.,Positive
The plot was dull dull and uninteresting.,Negative
The screenplay was heartwarming and characters.,Positive
The characters was exceptional from start to finish.,Positive
The cinematography was forgettable dull and uninteresting.,Negative
The plot was fantastic and great visuals!,Positive
The acting was beautiful and beautiful story.,Positive
The plot was forgettable at all.,Negative
The movie was fantastic and beautiful story.,Positive
The characters was beautiful with great performances.,Positive
The cinematography was terrible confusing and poorly executed.,Negative
The screenplay was exceptional from start to finish.,Positive
The plot was excellent and exceptional direction.,Positive
The movie was outstanding and great visuals!,Positive
The experience was dull from start to finish.,Negative
The film was heartwarming from start to finish.,Positive
The screenplay was exceptional and thrilling!,Positive
The script was uninteresting to anyone.,Negative
The storyline was disappointing confusing and poorly executed.,Negative
The acting wasn't great.,Negative
The film was fantastic and gripping movie.,Positive
The movie was amazing and exceptional direction.,Positive
The plot was uninteresting and uninspiring movie.,Negative
The performance was uninteresting and uninspiring movie.,Negative
The script was uninspiring dull and uninteresting.,Negative
The acting was amazing and gripping movie.,Positive
The script was boring to anyone.,Negative
The film was amazing and beautiful story.,Positive
The screenplay was gripping and great visuals!,Positive
The experience was excellent and great visuals!,Positive
The performance was dull confusing and poorly executed.,Negative
The characters was fantastic and cinematography.,Positive
The plot did not like it.,Negative
The performance was terrible to anyone.,Negative
The film was weak and uninspiring movie.,Negative
The storyline was dull dull and uninteresting.,Negative
The experience was dull to anyone.,Negative
The acting was weak to anyone.,Negative
The direction was uninspiring too slow and boring.,Negative
The storyline was beautiful and beautiful story.,Positive
The movie was poorly executed dull and uninteresting.,Negative
The acting was uninspiring from start to finish.,Negative
The experience was confusing too slow and boring.,Negative
The experience was outstanding and beautiful story.,Positive
The movie was outstanding and gripping movie.,Positive
The acting was amazing and great visuals!,Positive
The direction was excellent and thrilling!,Positive
The movie was forgettable and a weak script.,Negative
The acting was brilliant of cinema!,Positive
The script was boring confusing and poorly executed.,Negative
The direction was fantastic and thrilling!,Positive
The screenplay was exceptional with great performances.,Positive
The direction was poorly executed confusing and poorly executed.,Negative
The direction was amazing and great visuals!,Positive
The screenplay was beautiful and gripping movie.,Positive
The screenplay was heartwarming and gripping movie.,Positive
The storyline was weak too slow and boring.,Negative
The film didn't enjoy it.,Negative
The plot was terrible dull and uninteresting.,Negative
The plot was forgettable to anyone.,Negative
The characters was heartwarming from start to finish.,Positive
The acting was not good.,Negative
The storyline was beautiful and great visuals!,Positive
The cinematography was exceptional and exceptional direction.,Positive
The cinematography wasn't thrilling.,Negative
The movie was brilliant with great performances.,Positive
The storyline was fantastic and exceptional direction.,Positive
The plot was gripping with great performances.,Positive
The cinematography was gripping and thrilling!,Positive
The experience was brilliant and great visuals!,Positive
The acting was heartwarming and thrilling!,Positive
The movie was excellent and cinematography.,Positive
The characters was incredible and cinematography.,Positive
The acting was weak and a weak script.,Negative
The experience was confusing to anyone.,Negative
The experience was exceptional and characters.,Positive
The performance was uninteresting and a weak script.,Negative
The experience was forgettable and a weak script.,Negative
The acting was outstanding with great performances.,Positive
The performance was poorly executed to anyone.,Negative
The screenplay was brilliant and characters.,Positive
The cinematography was disappointing a very disappointing film.,Negative
The screenplay was incredible and cinematography.,Positive
The film was terrible to anyone.,Negative
The script was not exciting.,Negative
The acting was poorly executed too slow and boring.,Negative
The cinematography was fantastic of cinema!,Positive
The performance was poorly executed and uninspiring movie.,Negative
The screenplay was fantastic and characters.,Positive
The film was dull and a weak script.,Negative
The cinematography was exceptional with great performances.,Positive
The experience was poorly executed at all.,Negative
The storyline was excellent and thrilling!,Positive
The acting was heartwarming with great performances.,Positive
The film was poorly executed too slow and boring.,Negative
The storyline wasn't impressive.,Negative
The cinematography was brilliant and exceptional direction.,Positive
The plot was excellent with great performances.,Positive
The acting was beautiful and gripping movie.,Positive
The script was dull dull and uninteresting.,Negative
The direction was fantastic and exceptional direction.,Positive
The direction was boring from start to finish.,Negative
The movie was incredible and exceptional direction.,Positive
The acting was exceptional and beautiful story.,Positive
The acting was boring confusing and poorly executed.,Negative
The movie was exceptional from start to finish.,Positive
The acting was brilliant and thrilling!,Positive
The storyline was boring a waste of time.,Negative
The performance did not like it.,Negative
The acting was fantastic and gripping movie.,Positive
The acting was uninspiring a very disappointing film.,Negative
The cinematography was amazing and gripping movie.,Positive
The cinematography wasn't impressive.,Negative
The screenplay was incredible and beautiful story.,Positive
The acting was dull and a weak script.,Negative
The acting was disappointing to anyone.,Negative
The script was dull a very disappointing film.,Negative
The plot was beautiful and great visuals!,Positive
The storyline was terrible and a weak script.,Negative
The cinematography was amazing and great visuals!,Positive
The acting was gripping with great performances.,Positive
The direction was outstanding and thrilling!,Positive
The experience was incredible of cinema!,Positive
The experience was amazing with great performances.,Positive
The movie was amazing and gripping movie.,Positive
The film was excellent and thrilling!,Positive
The movie was terrible to anyone.,Negative
The plot was weak a very disappointing film.,Negative
The characters was gripping of cinema!,Positive
The storyline didn't enjoy it.,Negative
The screenplay was outstanding and gripping movie.,Positive
The performance was dull a waste of time.,Negative
The film was gripping and thrilling!,Positive
The plot was weak at all.,Negative
The characters was outstanding of cinema!,Positive
The experience was excellent and cinematography.,Positive
The experience was heartwarming from start to finish.,Positive
The cinematography didn't captivate me.,Negative
The experience was terrible dull and uninteresting.,Negative
The cinematography was not exciting.,Negative
The performance was terrible a waste of time.,Negative
The storyline was incredible and beautiful story.,Positive
The script was uninspiring and a weak script.,Negative
The storyline was forgettable a very disappointing film.,Negative
The acting was confusing too slow and boring.,Negative
The film was forgettable and uninspiring movie.,Negative
The film was weak at all.,Negative
The experience was disappointing and uninspiring movie.,Negative
The storyline was disappointing dull and uninteresting.,Negative
The film was weak dull and uninteresting.,Negative
The experience was confusing and a weak script.,Negative
The film was beautiful with great performances.,Positive
The characters was amazing and characters.,Positive
The plot was disappointing at all.,Negative
The acting was exceptional and gripping movie.,Positive
The direction was exceptional with great performances.,Positive
The plot was heartwarming with great performances.,Positive
The direction was beautiful with great performances.,Positive
The plot was amazing and gripping movie.,Positive
The script was terrible dull and uninteresting.,Negative
The direction was exceptional and cinematography.,Positive
The plot was heartwarming and gripping movie.,Positive
The cinematography was terrible and a weak script.,Negative
The script was uninspiring too slow and boring.,Negative
The movie was outstanding from start to finish.,Positive
The script was poorly executed to anyone.,Negative
The acting was fantastic from start to finish.,Positive
The acting was exceptional and characters.,Positive
The experience was forgettable a waste of time.,Negative
The script wasn't great.,Negative
The plot was uninspiring a waste of time.,Negative
The plot was disappointing a very disappointing film.,Negative
The direction was heartwarming with great performances.,Positive
The movie was brilliant and great visuals!,Positive
The experience was outstanding with great performances.,Positive
The film was boring too slow and boring.,Negative
The experience was amazing of cinema!,Positive
The performance was dull dull and uninteresting.,Negative
The movie was exceptional and cinematography.,Positive
The plot was exceptional and cinematography.,Positive
The script was boring dull and uninteresting.,Negative
The experience was heartwarming and gripping movie.,Positive
The experience was dull confusing and poorly executed.,Negative
The experience was disappointing too slow and boring.,Negative
The acting was disappointing and uninspiring movie.,Negative
The movie was fantastic and characters.,Positive
The experience was poorly executed a very disappointing film.,Negative
The direction was exceptional of cinema!,Positive
The movie was heartwarming and exceptional direction.,Positive
The movie was dull too slow and boring.,Negative
The characters was outstanding and beautiful story.,Positive
The cinematography was exceptional from start to finish.,Positive
The movie was not exciting.,Negative
The storyline was weak a very disappointing film.,Negative
The script was poorly executed confusing and poorly executed.,Negative
The screenplay was fantastic from start to finish.,Positive
The cinematography was uninspiring a waste of time.,Negative
The screenplay was outstanding and cinematography.,Positive
The plot was disappointing too slow and boring.,Negative
The experience was gripping and beautiful story.,Positive
The plot was disappointing and uninspiring movie.,Negative
The direction was fantastic with great performances.,Positive
The direction was poorly executed a waste of time.,Negative
The storyline was uninspiring to anyone.,Negative
The experience was disappointing a waste of time.,Negative
The direction was weak confusing and poorly executed.,Negative
The acting was dull too slow and boring.,Negative
The plot was brilliant and exceptional direction.,Positive
The cinematography was uninteresting dull and uninteresting.,Negative
The storyline was forgettable to anyone.,Negative
The cinematography was confusing confusing and poorly executed.,Negative
The storyline was fantastic from start to finish.,Positive
